{
"Hi":"*💖HI*... *How are You..!*",
"Good Morning":"*Good Morning 🌅*",
"Good Night":"*Good Night..🌉*",
"Bye":"*Bye bye....*",
"Asslamoalaikum":"> *Wa Alaikum Salam ❤‍🔥🤌🏻*",
"owner":"Usama Dhuddi sahb🫀",
"hello":"Kis Na Yad Kia Mujhe?..🐵",
"link":"*Raha Nhai Jata 🌚🙌😂*",
"Haram":"*Haram Haram Haram🙈🤣*",
"dafa":"*dfm.😣*",
"dhur":"*dhur bagrt.🔪*",
"hmm":"> *Hamm.🌚*", 
"lanat":"*Lakhhhhhhhhhh Di Lanat 🙌😂*",
"uff":"*💋 Hyee*",
"love":"*Lub you two 💗😁*"
}
